"","Genotype.CUMS.model...Treatment.Albiflorin","Genotype.CUMS.model...Treatment.Albiflorin.1","Genotype.CUMS.model...Treatment.Albiflorin.2","Genotype.CUMS.model...Treatment.Albiflorin.3","Genotype.CUMS.model...Treatment.Albiflorin.4","Genotype.CUMS.model...Treatment.Albiflorin.5","Genotype.CUMS.model...Treatment.Albiflorin.6","Genotype.CUMS.model...Treatment.Albiflorin.7","Genotype.CUMS.model...Treatment.Saline","Genotype.CUMS.model...Treatment.Saline.1","Genotype.CUMS.model...Treatment.Saline.2","Genotype.CUMS.model...Treatment.Saline.3","Genotype.CUMS.model...Treatment.Saline.4","Genotype.CUMS.model...Treatment.Saline.5","Genotype.CUMS.model...Treatment.Saline.6","Genotype.CUMS.model...Treatment.Saline.7","Genotype.CUMS.model...Treatment.Saline.8","Genotype.CUMS.model...Treatment.Fluoxetine","Genotype.CUMS.model...Treatment.Fluoxetine.1","Genotype.CUMS.model...Treatment.Fluoxetine.2","Genotype.CUMS.model...Treatment.Fluoxetine.3","Genotype.CUMS.model...Treatment.Fluoxetine.4","Genotype.CUMS.model...Treatment.Fluoxetine.5","Genotype.CUMS.model...Treatment.Fluoxetine.6","Genotype.CUMS.model...Treatment.Fluoxetine.7","Genotype.Wild.type...Treatment.Saline","Genotype.Wild.type...Treatment.Saline.1","Genotype.Wild.type...Treatment.Saline.2","Genotype.Wild.type...Treatment.Saline.3","Genotype.Wild.type...Treatment.Saline.4","Genotype.Wild.type...Treatment.Saline.5","Genotype.Wild.type...Treatment.Saline.6","Genotype.Wild.type...Treatment.Saline.7"
"Creatine",-1.26052637429184,-0.515281861844927,-0.401929818571134,0.431656996595316,0.0405604348734366,0.910810960650441,-0.940797255084736,-1.54781975749628,0.290983581637344,-0.0320085116651238,-1.26052637429184,-0.823167702078117,-0.289690906630917,-2.96176799584096,0.00433355610290871,-0.326981545529105,-0.668188097958861,0.290983581637344,0.219992231149459,-1.22006767475844,0.466556476179242,0.396650627167415,0.290983581637344,-0.326981545529105,0.0766728525408251,1.65683493029979,1.30610928788575,0.431656996595316,1.07718319495012,0.877243915426956,1.30610928788575,0.843577998057142,1.65683493029979
"CoQ9",1.74982421129175,-0.393538007537918,0.462769438721253,0.917390019100345,0.114476817024868,-0.985621830384825,-1.34845762835684,0.359832392414554,0.0867424565852937,-0.597040477005757,1.40616994137076,1.17556808165129,-0.148959919641952,1.31098345180727,1.04393949534975,0.939002893512123,0.377332645361263,-1.14176253910714,-1.00535958793311,-1.40337486975518,-0.624572943990691,0.0707329801944919,1.80454281573114,0.176564229933336,1.0567054475886,-0.889549594816231,1.11447669297381,-0.646854269480352,-0.946678985261668,-0.339441978194384,-1.50922088877032,-1.1277282727133,-1.0588922176622
"CoQ9H2",1.12404820105848,-0.581175734585229,0.669086482586212,1.01772271645473,0.0356579180885544,-0.763398878394753,-0.329091263768691,-0.283357597939245,0.878228836250203,0.152824094367021,0.653467050014731,0.0555650772583469,0.0949170249483373,1.13703109270525,0.354516063636539,0.962841664114388,-0.0455698068693828,-2.02460376450913,-0.571002775945288,-0.00463101962606076,0.0155933884389473,-1.20163492110284,0.93494962757325,0.745773578170893,1.25098213918179,0.990430520342459,1.04472456454909,-1.90591539852256,-0.00463101962606076,0.283014158379979,-2.76079141215299,-0.495978108453718,-1.42959249662322
"Retinol",0.532672716078099,-0.942124359229574,0.364849981543428,-1.11345367187515,-1.28626262512498,0.532672716078099,0.0692089643865445,-0.565231465271908,0.179526789149106,0.112664707243977,-0.988601538096419,0.670554568155238,0.640535924863572,1.39579854197587,-0.328929838636403,-0.249959345211704,-0.781327239916074,-0.9146292231388,0.0816987082667862,1.15919803209327,-0.869436452492734,-0.440608084946554,-0.0459654584261513,0.268033413122898,0.0629416646840655,-0.565231465271908,-1.06472607422935,-0.112211943016402,-0.605425748338136,-0.440608084946554,1.19200844789067,3.98942577795311,0.0629416646840655
"Alpha-Tocopherol",0.631582321351217,-0.258041500315632,0.10208207911832,-0.292375597515474,0.316055609276273,-0.397106686372725,0.10208207911832,-0.190209611280517,0.519587158360268,-0.92394970878145,0.92491246468438,0.49111217229654,-0.92394970878145,0.575960573836759,0.976098005768918,1.19896478882346,0.603864151193218,0.256031994417779,-0.468417299107061,-4.07187220034841,0.133329935047248,0.794131557906697,1.50121617007538,0.547869092187077,1.50121617007538,0.10208207911832,-0.292375597515474,-0.223987684586039,-0.397106686372725,-0.766513316671516,-0.223987684586039,-0.964255039342511,-0.884030081078684
"Vitamin K2",-0.397815447169026,-1.10705712311701,1.82611861559097,-0.981029886491964,0.130264535290721,-0.499688318477363,0.842186266624395,-0.34905752425461,-0.912957561968224,-0.325187675128407,1.31695573672714,-0.499688318477363,-1.02498628540222,1.08811959252899,-0.385495670329597,-0.622011978099351,0.947082640325356,-0.0619581221691653,-0.636156926340054,-1.43993353828117,-0.124083013098925,0.351776824922121,0.0272112342208959,0.0748209687817829,3.24854369750861,-0.00200082618551572,0.918581132882607,-0.166783383777029,1.59420840791268,-0.650419261385187,-0.622011978099351,-0.863616330658163,-0.693930484406519
"Cholesterol",1.66741443646379,0.321185199673434,0.86764870783241,0.960391007325816,0.752651323093009,0.260974950435438,0.739612337535073,0.804277215012148,-0.161029852189149,-1.36009397444525,0.595946012245174,-1.25415692225742,-0.714496747364199,1.22336417566231,0.832951338484427,0.491710657885447,0.836121392794929,-0.418623862912863,-0.0711685296594011,-1.8379716279316,-1.88997580385876,0.643440013134671,0.101251854567476,0.187956665830563,0.32863166378017,-0.371890434296705,1.10917275346708,0.466887606317268,-0.217963100992216,-0.298521737470369,-2.28006624479544,-1.81594278587811,-0.499687687489244
"5,6-trans-25-Hydroxyvitamin D3",0.0422886895181706,-1.67062882529867,-0.896247399121251,-0.460153824681317,-0.312930869138892,-1.48726886938103,0.343828106021247,0.261695650542707,1.36571720534547,-0.475862777963188,0.42348382495374,0.378260788618724,0.289357835506144,2.03252276028865,0.983658623415592,0.720061987078908,1.0256390793436,0.253738673063688,0.706669235829628,-3.48526646692099,0.378260788618724,0.931768859283722,1.23159121589787,0.225698983463531,-0.377914824826958,-0.0995824201679379,-0.206473754730332,-0.168801607931644,-0.496954423143946,-0.032130725369264,-0.545035488989311,-0.235084661027647,-0.643905368097632
"Retinal",0.648732473124685,-0.361559651758119,1.3155428027723,0.346776777472645,-0.49126227472698,0.279263209399269,1.18362926056298,0.364548057343396,-2.17575496800304,-1.57956323383009,0.27015544490582,-0.0155514494280173,-0.584615003516815,-0.888251762399647,-0.830332419255278,-0.705172448280337,-0.934018311577329,-0.0505655911248,-0.451241635291488,-1.11678474136696,0.494848373083236,1.83844785083081,-0.638318002020961,1.57364807116216,-1.46146668263771,0.995406461557382,1.31885638881416,-1.42302787065321,0.887651721522277,0.991749134787362,0.27015544490582,0.713103485100497,0.214971088525926
"7-ketocholesterol",0.967069962482857,-0.178034259298773,0.149846105246649,0.42229124435272,0.841549322773214,-0.427703650441892,1.11806367552796,1.00708819344348,0.63839979179511,-0.466285936288671,-0.0336586266124398,-0.203230331447065,-0.418182381470388,1.89226646267851,0.60590978764506,0.348452251375735,1.23447165318509,-0.45656474475025,0.544822659646839,1.85089729483765,0.0345165346413311,0.323170183140417,0.742758822092927,-0.194793493457874,0.0713345015294715,-1.11293426152683,-0.362060427944516,-0.597536902164262,-1.22693226081066,-1.12680610717989,-1.73438372720039,-1.96462537871083,-2.2891759570903
"Cer(d18:1/22:0 OH)",0.851034677061288,-0.381025846181176,-0.451089803074437,0.779420915772962,-0.064028223871319,-0.064028223871319,1.01061505284985,-0.157115734127419,0.827388986317794,-1.76925160081475,0.851034677061288,-0.0404458001159653,-0.543549819688853,0.193159128109748,-0.101538359748388,0.214461651435991,0.593543629040057,0.680653450496084,-0.257429041869289,-4.27050545661783,0.327060886728277,0.730521368405238,1.80048243572925,-0.139615680643164,-0.250129768463271,-0.0370948381285325,0.131282610680686,0.803519162463752,-0.104976240913007,0.0902318981447477,-0.576522435584717,-0.400293327794156,-0.275770328789395
"Cer(d18:1/18:0)",0.578866760950395,-0.0391854891756317,-0.339327130014781,0.867450338421152,0.719999245800804,0.537280615536323,0.852884447895031,0.514786500979733,0.7148294735804,-1.89555371352546,-0.00697049097148484,0.0699083677372682,-1.5275032931524,-0.559422167497834,0.174008691789116,-0.0536510310755986,0.3140343569934,0.945937016427458,-0.192007319248121,-4.20685529248643,0.619706256453983,0.365907670723725,1.28620654710997,0.117512172564364,-0.368304576636543,0.371933366427119,-0.060918445557187,0.0282968635035883,-0.368304576636543,0.798663707932834,-0.410351962354294,0.251452726315755,-0.101309638810114
"Cer(d18:1/22:0)",0.234883183693058,-0.726013371437406,-1.12384932475568,0.422957105147562,0.357830594096727,0.539047504468415,0.308412801179488,0.34311272532013,1.04722170331088,-1.40923357586882,0.305914762945836,-0.540609556659409,-0.583806770911932,-0.264722834486193,-0.418920011918328,0.0778855097607668,1.08354883945513,0.856769589555442,-0.274272203286612,-3.86423526923672,0.876515604946934,0.247723912099737,1.91230323928264,-0.255211637814813,-1.02562452153108,-0.982283046322119,0.0222249319102498,0.470075104226887,0.208991946729925,0.713759442637887,0.649736355047248,0.776104874881416,0.013762393532668
"Cer(d18:1/24:0)",0.389264244195672,-0.379286587561913,-1.67339994109673,0.175426965325596,0.468053440144229,0.307823704698694,-0.342889428632679,0.849752531003395,1.14706079288367,-1.49254165101235,0.634467108305901,-0.466404260106622,-0.236871073796637,0.344358216603452,-0.0806642665486374,-0.466404260106622,0.893495266003613,0.744502668143211,-0.0272323956115515,-3.81921015777165,0.915073704243545,-0.0591497652652281,1.69234923472699,0.0863236964211923,-0.678155872042332,-1.06744664863334,-0.416239449732625,0.485219224562159,-0.0166861242081773,0.658470929419591,0.729086275528864,0.729086275528864,-0.0272323956115515
"Cer(d18:1/24:1)",0.420577066256644,-0.0120945948723381,-0.992538850450952,0.308559488104553,0.490886190576184,0.375709423443701,0.593110960827907,-0.558754762961287,1.04718624507456,-1.51909130199841,0.280612580360951,0.429463985482188,-0.755790130130174,0.53962969779561,0.390746249993266,0.198255136854767,1.07074615716428,0.351479308479075,-0.187518983690173,-4.29270320169535,0.533939514987829,0.0699343092362004,1.6411463590993,0.123300259922699,-0.924182958673078,-0.737696778390967,-0.147159087120138,0.432419963297817,0.0598126417945174,0.545308208425331,-0.224727513771172,0.528237611918823,-0.078803195342271
"Cer(d18:1/24:2)",0.646815881324151,-0.594276272041578,-0.784167040420969,0.189381057896912,0.135239960273982,0.189381057896912,0.773479086451372,-1.32587725623821,0.858785502968928,-1.75741051929924,0.0154929473286803,0.249975143540846,-0.740817982796132,0.204655586430005,0.514016521628081,0.204655586430005,1.01049662598603,0.527589672023772,0.26491671065748,-4.18152689450325,0.309258983573178,0.55453603909675,1.03310929668179,0.272357070122919,-0.762406840641895,0.197028959035526,0.402942263170849,1.09434936255331,-0.513925590481684,0.601064174983884,-0.313568002893867,0.272357070122919,0.45209183913865
"Cer(d18:1/25:0)",0.152144152813285,-0.083783416398545,-0.671169817569536,0.564295312193632,0.246291949387122,0.279760592591765,0.61642748092469,-1.04490502988063,0.564295312193632,-1.70237547247151,0.169498114250411,-0.0182918365544437,-0.802508609062112,-0.0275548855470495,0.296346675071369,0.254696538085707,0.943452455799236,0.541653583159691,0.212420059819564,-4.33792002540876,0.38586121550857,0.732077013881087,1.25406969516148,0.0816368128057937,-0.479541918104196,-0.330984115616647,0.279760592591765,1.34663222316294,-0.19973109956079,0.890406866500149,-0.289942031585858,0.279760592591765,-0.102778980733609
"Vitamin D3",0.0420590090470399,-1.30712704775253,-0.598692919076498,-0.522376084791631,0.139794608329232,-0.877513619169363,0.0748957666553733,0.56754028954707,-0.447446906476034,-1.69030566910798,0.738088404301201,-0.447446906476034,-0.1261680742316,0.509085532494835,0.328575306662535,0.00895849955690288,-0.0580509650956304,-0.301555873952775,-0.091968780232673,4.30859313994538,-0.522376084791631,1.16112527760721,0.901857951963191,0.56754028954707,0.203687225782281,0.419818693238877,0.171864741197973,-0.560357840071062,-0.160653558117497,0.0748957666553733,-0.560357840071062,-1.2300969306834,-0.715885402434122
"Cer(d18:1/23:0)",0.0366840876242209,-0.73472261475748,-0.809770889114393,0.252752916587779,-0.0903135499913599,0.513732016338272,0.437968738868082,-0.0230707146676824,1.17598270587801,-1.37596558675425,0.706252666441822,-0.470891617209555,-0.203967194425688,0.0893907620501238,-0.0442909130137753,0.0806751611023664,0.729409999634839,0.563121670896701,-0.16238962951757,-4.54142775407433,0.563121670896701,0.252752916587779,1.54367731615404,0.180701735499504,-0.627678813533223,-0.432159299481794,0.0835833871445917,0.659353366921451,-0.0779664385413236,0.587492503841364,0.587492503841364,0.437968738868082,0.1125001499053
"N-oleoylethanolamine",2.03830152853268,0.868328951247501,1.09373096050482,1.43213887255926,0.501077278623946,0.545921016072411,0.821489769029555,0.977170241436817,-0.321745822374662,-0.8359446420995,0.507518103549341,-0.0937880281058922,0.609022241519797,-0.0184384726588811,-0.194180960132323,-0.354361907080494,-0.428855750481095,-0.539277563466572,-0.462469518171107,-3.9795385157115,-0.063457175291942,-0.26537474189439,-0.0785904032446015,0.329404031757655,-0.817245979212519,0.127652915249765,-0.454036370325573,0.309053911437918,0.621509794288103,0.120488546842891,-0.716117469900643,-1.20079443925612,-0.0785904032446015
"2-Arachidonylglycerol",1.25185222803605,0.267869770437884,1.33790552325087,0.518987853588969,2.67411710026555,0.789097410690525,1.67615561508629,1.14431139883803,-0.198671254805034,-0.435517335010221,0.434073419543423,-1.08587325078302,-0.526152490200714,0.482965746705731,-0.471358873131662,0.145616441620305,-0.659126585845624,0.0748867003471051,-0.435517335010221,-1.93597850767829,-0.231099202247545,0.0892015624179942,-0.247480142125217,0.657866981353682,0.409245930772733,-1.31116857462176,-0.214830078530443,0.358801352140818,0.131637414039217,-0.620370977951479,-1.32404498287272,-2.12703188036971,-0.620370977951479
"Testosterone",2.76419400375566,1.41782868649037,0.0110209104191649,-0.305391783894857,-1.45496386620972,-0.518579732573482,-0.439111311658834,-2.75296044537932,1.25468771671454,-0.559201382972076,-0.749897264999244,0.249213654137562,-0.498494032172083,-0.728036906094194,0.076604808038117,0.397163123948091,-0.478555481080101,-1.48355236491397,0.605019826942518,0.156422846790163,-0.579741858218127,0.108813468579848,-0.0732458843795999,-0.478555481080101,0.919642262524523,1.27562320495879,0.440023853083848,1.06991737600377,0.618328411171096,-0.305391783894857,0.670921353090921,-0.706350735166517,0.076604808038117
"PC(22:6/P-18:0)",0.463782080533174,-0.517588498041102,-0.388679075174596,-0.297460454519603,0.208026353235058,-0.731301922020208,0.20393814892663,-0.245742140634217,-0.131033769098259,-2.05494121539625,2.46768852772367,0.19574703159128,-1.25335391948957,-0.398424286612279,-1.13630334708571,0.11693577390079,-0.522645041217611,0.478912534031246,-0.890968595497127,3.04801169790979,1.60927526956538,-0.340365762033532,0.757825712681361,-0.185613267936018,1.26742077145587,-0.646303587889496,-0.1902011723087,0.187536224051082,-0.594234069014877,0.0958901479125945,-0.80195523789783,0.402580993448982,-0.17645590510006
"PC(16:0/16:0)",-1.11941558759872,-1.63064416986988,-1.09765549207285,-1.31977112527887,-1.0009235375811,-0.00821419669680633,0.162257090974983,-0.937489340893015,0.753016415781358,-1.48152462884628,0.245300706389057,0.245300706389057,-0.140111887992773,-0.0957468928587797,0.0349677161071196,0.245300706389057,0.678277507715279,0.678277507715279,0.446903627104347,2.88083320848454,0.789959051635428,0.525259087136201,0.899130684260438,-1.2576700294642,-1.15773187911122,1.0758022704174,-0.592882490123267,1.60149663632936,-0.63217842292366,1.00590274498995,-0.60758124022875,0.286296166585214,0.525259087136201
"PC(16:0/18:1)",-0.309697674765638,0.277659229197294,-0.755546816860391,-0.57378844165049,0.34707567167867,-0.0887763585218948,0.0986451534917508,0.922825603195508,0.515511838698047,-0.0887763585218948,0.515511838698047,0.482388454929426,-1.0962474092681,1.2923953448544,0.34707567167867,-0.0505813796146022,0.277659229197294,0.739983948066595,0.515511838698047,3.29856043647499,0.862804249015461,-0.0505813796146022,1.52957470735396,-0.342280262538983,0.312518357649558,-0.979419219994297,-1.37762457059979,-0.43746458799572,-1.45253136390876,-0.732932904598943,-1.36703744280849,-1.13097654554209,-1.50143885607306
"PC(18:0/18:2)",-1.40559381144006,-1.315418563691,-1.1832678488723,-0.727766551671346,-0.649418135644666,-0.458988707553537,-0.688431791827318,-1.01256590504868,1.30129305085365,0.330763184324656,0.607446979529692,0.666816020543619,-0.421796719524204,1.09002566555102,1.60165237975337,0.299007942294123,1.57733097183075,0.666816020543619,-0.311926447588147,3.03679456530537,0.607446979529692,0.0370713593181804,0.136987465603158,-0.496472400428841,0.953078004794594,-0.727766551671346,-0.0994849690865486,-0.496472400428841,-1.54412949226173,-0.27585724738081,-0.34826994092509,-0.0994849690865486,-0.649418135644666
"Corticosterone",0.64566084358402,0.0590803287508658,-0.333154725813309,0.455426453536967,0.261370427829413,0.278004092010874,-0.100433864256935,-1.52942692631488,0.339613059112946,-1.06582705447865,-0.394110973071287,0.168288796092877,0.265537047686952,-1.20188791625476,-0.185711257746379,-0.74639147500005,0.786491093104573,-1.42826839874492,0.355841542497007,-3.05667474773228,-1.22181167980883,0.227838486810826,-0.0725112067030904,0.396052341775685,0.849434440906444,1.68448890620018,-0.487805073144001,0.525235475320803,0.548167078018368,2.35318653323463,0.991609139560749,0.700570503294874,-0.0678812902596141
"Choline",0.355197427849784,0.776640020154984,-0.345668998298114,0.292222125947129,-1.62590687430484,0.478992873554068,-0.2398190828801,-1.19241038220845,-0.676228086442481,0.689050807422062,-0.56378498296155,1.19451932137457,0.50950458772465,-0.0678740082065727,-0.2398190828801,0.228505921147786,-2.98311225143637,0.228505921147786,0.919545803053277,1.50705689013557,1.68137402774525,-0.676228086442481,1.27436079106397,0.164031172288877,-1.06885030949974,1.08619941180464,-0.03413050377956,-0.601007225292456,0.228505921147786,-0.791055319408195,1.24787753564886,-1.19241038220845,-0.56378498296155
"Melatonin",-0.363745525203746,0.926370003494649,-0.165868020659676,-0.796233535190112,0.410873419401917,0.566673350308199,0.140454426292735,1.45258659180073,-0.3450397002269,-0.308076403461968,-0.479277436493345,-0.818993884444795,1.52004121647443,-0.031908365255746,0.700809832744445,0.628611558020878,-1.61374658779833,-0.165868020659676,1.256238946401,-0.031908365255746,0.979479394489699,0.000402046225160971,-1.9463183468548,0.383853734047678,-0.0812374301534639,-1.19847800222916,-0.600892713411703,-1.97254911907977,0.0163893540625427,2.74783010653941,-0.580173679799757,0.477071552279967,-0.707370396404806
"Niacinamide",0.17839761066004,0.280926142205291,0.24912606408068,0.399837617381026,0.424492042381471,0.779553818207832,-1.52057009624951,-0.496305739719935,-1.67188946263315,-1.52057009624951,-0.726277952302874,-0.951593686909632,-0.853701572629032,-1.9490456441674,-1.23183319574211,-0.067652079684569,-0.414729882581785,1.16244059060339,0.521833923590523,-0.291384197289909,0.17839761066004,0.628981836621865,0.50977609289576,0.563793890187135,0.0801980667598044,1.78614173569029,0.418340574539539,0.412181028602256,0.1719145501156,2.92387553206133,0.473415495639699,-0.671600472362127,0.223529855637922
"PC(16:0/22:6)",1.4358217500139,-1.99625443360925,0.161190727903098,0.291424106952348,0.363889224171033,-0.778697112673056,0.273090078083537,-1.73823668435136,0.64068789958064,-1.58543286612527,0.180070685398398,0.867394331119791,0.929761361113081,0.0847197385008176,-0.827470904166977,0.623965658909988,-0.476054747335747,-0.113465884596763,0.161190727903098,3.0631256401978,0.399610647442427,-1.2694223033967,1.03650233270359,-0.237530257940935,0.787969658695047,0.452571646064291,-0.566637684527322,-0.195724302871116,-0.58962448332884,-0.476054747335747,-0.301113414232527,-1.24195428784186,0.64068789958064
"PC(16:0/18:2)",-1.07818913502984,-0.73478562591779,-1.05773829213053,-0.282710897736366,-0.178533064091294,0.0181566537844211,-0.341517434688391,-0.805531236217655,1.417794055459,0.343861664231459,0.698560996605599,0.40045071402045,-1.46101318233436,1.15978414057033,0.746599963512897,0.385079308207161,1.2904153832203,0.265671975482987,0.650066677253862,3.17504273566532,0.888068305451135,0.40045071402045,0.888068305451135,-0.577547915727312,0.501763180810322,-1.11245659325503,-0.824996493888596,-0.195749386741239,-1.44631169984385,-0.431014394179906,-0.665004957972407,-0.903606681459347,-1.13312778253274
"PC(16:0/20:4)",0.0116268029394828,-0.786857990291063,-1.13148161223862,0.646589245196842,-0.105897099068596,-1.0658885387735,0.552418412318905,-2.18299309583751,0.637249681901538,-0.270629912097528,0.228768754150704,0.348838681541755,0.228768754150704,0.177896945339579,-0.593066597218005,0.427349782226736,0.398048945155443,0.032708104495267,0.329021445808453,4.01697773244813,0.775586145047081,-0.28180276068904,0.720699023026509,-0.593066597218005,0.590294733101405,-0.487196603170859,-0.874002845937989,0.407834524154945,-1.31974029462197,-0.937169479172191,0.259051102718004,-0.182113687402515,0.0221782980159459
"PC(20:4/P-16:0)",-0.767803158640079,-1.3812605691958,-0.7755143524221,0.452576225160021,-1.39867678938506,-1.18514704807219,-0.290109946470644,-0.706530955703363,0.47072805165852,-1.06937385556864,0.049051127641363,-0.601049487536632,-1.0205523798986,-0.7755143524221,-0.916353451478081,1.06300202231755,-0.311197183283722,0.69521303241863,-0.512346110964238,3.50802603745438,0.512832040559569,1.19565250897466,0.482793374814558,0.512832040559569,1.16939777164802,0.932317366835133,-0.131282074427574,0.373160908994825,0.35465683281928,0.860102164060349,-0.15171960223467,-0.861118278121671,0.223208089908571
"Dodecenoylcarnitine",1.37144188260672,1.36099654268064,0.583941107723694,0.807456339087017,-0.342600140269835,-1.44007387555756,-2.57691304667475,1.12993390171314,-1.27646474421433,-0.409364046954119,1.0831669445521,0.820731266361711,0.807456339087017,-0.674721447604184,-0.386893688175588,0.201848958282397,-0.931790052193076,-0.831997107159534,-0.900836466490364,1.19835062045694,-0.770432197508184,-0.0350515039166687,-0.960295286170327,1.17577011110061,0.00301867699771226,-0.489782962004018,-0.0350515039166687,-0.56584992938285,-0.823872959384753,1.70103081639722,0.873078826648528,-0.364640437707167,0.69840906158857
"Glucosylceramide(18:1/16:0)",-1.22554026098155,-2.11283003970295,-0.361567511914625,-0.308112286999165,0.157777459514358,-1.06514166623225,-0.308112286999165,-1.68449515853426,-0.0540593918817764,0.918442721837215,0.269396888700982,1.40829777101864,-0.673612685467018,-0.614448308664924,1.28517517437267,0.355838705234463,0.659765181762651,1.97134023029517,0.0419129413532618,-1.47150920713924,-0.871049819294914,0.439895613144506,1.23769053015919,-0.128076060016276,1.22169642693493,-0.361567511914625,-0.779997994527288,0.828558042310989,-0.25557874995814,0.247397734157554,-0.826753945302027,0.202917095016942,1.85635036971656
"L-Palmitoylcarnitine",2.29554067758407,0.121867816178388,0.0472183658505611,2.23607599892527,-1.65063842579173,-1.03480861965122,-0.864227275205292,-0.0296008544436148,-0.434674552226884,-0.167785763439764,-0.0438110686741546,-0.00842776273799371,0.792056550359213,-0.61408092483901,-0.854527838704466,-0.167785763439764,0.376821316845257,-0.65865354066785,0.518766482149822,1.33891881472474,-0.561567406451913,-0.768798372830074,-1.2960674007326,0.967825518610382,-0.722345622137283,-0.290031526649009,1.8095284991021,-0.605255896672816,-0.46792144946776,1.87582738917217,-0.182760837381317,-1.00389489320798,0.0472183658505611
"Oleoylcarnitine",1.18723183707365,0.351184907821002,1.24040323680516,0.949225495638028,-0.931011842466837,-0.775105827426057,-1.44446661069458,0.876374913933978,-1.17021340109006,-0.333259201253715,0.319869721747293,0.122326487795528,1.0081980319327,-0.770003993828708,-1.34056690892045,-0.210509578043075,-1.63019335860569,-0.485394621662912,-0.440877215032606,-0.485394621662912,-0.653297267439428,-0.41894163380527,-0.992000772343013,1.67872408983597,0.319869721747293,0.559071280370521,0.573216590899107,0.122326487795528,-0.132215095373973,2.6787267428707,-0.250693193344451,-0.944729799583254,1.42212539631047
"Octadecanoylcarnitine",0.692497877043068,-0.208189159286806,1.13620125695285,1.01485774550733,-0.974585862067508,-0.385177228529081,-1.40827562892516,-0.0462979864670819,-1.06456352072101,-0.651647798450781,0.460526880447694,0.618718836044876,1.00971278809559,-0.801048764586531,-0.983484059423102,-0.229847089127449,-1.3388481905312,-0.129862857642701,-0.44614153899152,-0.992404092867708,-0.325218560925833,-0.251634837504407,-1.60369276543382,0.957858673282418,0.257337510640926,0.81404120603926,0.910548958091433,0.460526880447694,-0.00522509968851733,2.71942145044853,-0.469269369749566,-0.852245551846531,2.11540989972472
"LysoPC(16:0)",-0.943603531237813,-0.00339681689834395,0.258908541813185,-0.348330181051933,0.661052678045692,-1.02499851087701,-0.117396042911611,-0.270911415397636,0.147116795280465,0.295967239589299,-0.504515445408989,1.1560994455768,0.44319087052185,1.12133599881079,1.76697213529369,0.258908541813185,-0.15561118384815,0.369780181235415,2.69636325038028,-0.862697413283115,0.184483887606698,-1.10688829586242,2.28764866514314,-0.0792890071857803,0.221747613017156,-1.52397511598521,-1.91072401837542,-0.117396042911611,0.0720702048266839,-0.504515445408989,-0.782274319806126,-0.862697413283115,-0.822425849221531
"Dodecanoylcarnitine",1.76499126225185,1.28765849689075,1.02721662174806,1.07346380266708,0.156769387791913,-0.940702767940891,-1.21251426332759,1.5421933492873,-1.79661608883223,-0.0818238789962163,1.07346380266708,-0.0818238789962163,1.44662108192021,-0.28881184122956,-0.76908191570506,0.342343681710078,-0.7563132501407,-0.354071243620561,-0.981875244193037,0.709774335604887,-0.142301972640313,-0.536064334571484,-1.10922332948675,1.50883969859171,-0.321248081164804,-0.34308662826833,-0.643985715430985,-0.995737452309288,-0.833829432225079,1.62385045388605,-0.583507621786889,-1.22759179415625,0.44302476000528
"Myristoylcarnitine",1.41975790895436,0.930345069599223,1.08915237926418,1.21225786637562,-0.493777106065328,-0.982314534038309,-1.84163168525324,1.21225786637562,-1.58143921179623,-0.315919726711889,0.723228865460044,0.0974422653824886,1.2361742727168,-0.0606684917631922,-0.731426705876654,0.366645887577961,-0.789191521683382,-0.752279402893112,-0.931225144516577,-0.24215049367614,-0.311520140631934,-0.609804995331094,-1.19769125932252,1.8834708681575,-0.0766379246763794,0.138229019420607,-0.0766379246763794,-0.129247859033974,-0.925611878625107,2.11220652327178,-0.433087583210801,-0.953803925858196,1.01489872308418
"Linoleylcarnitine",0.528287024458268,0.244795719670169,0.871037894589887,0.569311567317549,-1.16406319728846,-0.806499704624495,-1.77362253640435,0.21528804483353,-0.825214105288625,-0.340591359078512,0.0869866524109764,-0.113310477686502,0.789504277153694,-0.684060571212507,-1.33978730795868,-0.229519844852166,-1.63521938635692,-0.522216924878427,0.0521496940420679,-0.116745918491608,-0.310436653262629,-0.382719472777048,-0.863112409518092,1.89259268801688,0.564223878597928,0.738196458329506,0.636901696145769,0.353550597060841,-0.113310477686502,3.0116503503967,-0.00603575600077095,-0.965716050890967,1.63770561123353
"Cysteamine",-0.880598673334369,0.81266807941116,-0.612457529637912,0.298239217083093,-0.0215600298127308,0.946137481472416,0.541104495506165,-0.313303704763918,0.157177067630001,-1.7237166562556,-0.997411683956282,0.472223897465097,-1.07593563276925,-0.166528613008138,0.402938117105727,-0.0576352454481666,1.30556630163183,0.745361903708148,0.263131743409182,-1.84924411819999,1.30556630163183,-0.0576352454481666,0.36814178840939,-1.51743207199932,2.95455723330317,-1.39537348026039,0.192601300940252,-1.19471192026586,-0.276438107540621,0.298239217083093,0.333242359329262,0.946137481472416,-0.203051273891209
"Urea",-1.39262158422703,-1.02684050807142,-0.759779627836902,-0.0206712593237345,-0.327723355999102,0.726564611233815,0.726564611233815,0.0890266008632774,-0.356038677174093,-1.73821415700101,-0.299476018853912,-0.384422310408445,-1.83425559050171,0.00684924508295738,0.43864120297339,0.0616978771481706,0.224726032241042,1.13317130829089,1.2820974774812,-3.01681510386985,1.74163214120932,0.674736288344764,0.648736255068612,-0.759779627836902,0.49151774262826,0.544157697421962,0.465109178746971,-0.441395837096168,1.05799526804048,0.931624447589527,0.43864120297339,0.778165616186807,-0.103621146558408
"Nicotinamide N-oxide",-0.453383100766377,1.29116209252036,0.443689931152253,-1.27229387567253,-1.3375124302383,-0.425046977773967,-2.03072502806998,-0.744149091886502,-0.744149091886502,-1.23994159196406,-0.626191502818503,0.684466483951848,0.541132212238016,-0.257712828541336,0.269368527428398,-0.175719212614482,-0.148628637593025,1.6849054482333,1.09549182029532,-2.37006371475579,0.847582512498234,0.0639129725538119,1.39724209335602,1.05115280967435,-0.744149091886502,0.394384901038322,-0.396840540008737,0.141763640044646,0.492603647378918,0.244058036438119,1.86298481299786,0.115922529255839,0.344682245420979
"Isovalerylcarnitine",0.0537378428182465,0.777826021156287,-0.101983341082598,-0.599318255536499,0.574426567118254,0.639717201658501,0.460961136321095,1.39054652893197,-0.865684605628719,0.808530682321731,1.56512427963009,0.087822054014031,1.76663218511771,-0.410985167691904,0.121527844262182,0.145376336846716,-0.800111916227467,0.695716898673196,0.40477922350332,-1.26161753904439,0.570298901636435,0.0143100484616065,-2.29522004329229,-0.321026067589844,-0.462783727475624,-0.617588506229634,-0.939489063376361,-2.06039499304807,-0.21755048645569,2.39352048070347,-0.266125882655824,-0.521393607500516,-0.729581030339363
"Dihexosylcer(18:1/16:0)",-1.33151894547017,-1.70983256495558,0.600301298960629,0.103951063885538,-1.10930025285389,-0.661533916996342,-0.305039313186614,-1.25312935055761,1.56089786962178,-0.327316549230636,-0.537083512617268,1.24306342535239,-0.561492572699748,-1.12149013179362,0.879911325664805,0.0849864611818434,0.935064335209227,1.77571522423526,1.42950089028291,-1.38853955047386,-0.805829457674349,0.553209611011021,1.57154810352267,-0.778979448554841,0.321165411580367,-0.0518669805685561,0.00768577847773118,-0.0318611735937719,0.537317177583707,0.0466289366504433,-0.879768759729205,-0.611022814672124,1.81465838240797
"Dihexosylcer(18:1/24:1)",0.642359035950685,-2.78047063352881,0.788041779864264,-0.691661840075717,-0.462707748318979,-0.513679983550886,-1.09174399128199,-1.54370610587023,0.716280840956576,0.260331416953591,-0.618913570157201,-0.2226070051989,-0.964729057675682,-1.18022471938206,0.118529177585598,0.0648642108667747,0.382499628853679,2.2733933568336,0.382499628853679,0.131764112461624,-0.192297058812885,1.98077667051665,1.50943089082024,0.105222508294928,0.464538389910768,-0.429304859256371,-0.56573298234374,0.297624404511829,-0.192297058812885,0.370552770856035,-0.691661840075717,0.196889269900452,1.45614036035103
"Butyrylcarnitine",-0.209223221012892,0.13042147309108,-0.843401715850536,-0.906347064466108,-0.0717709771607542,0.4354684217352,0.220358890031926,0.590884246587707,-0.458183583498354,-0.128053530517507,-0.232947519460887,-0.484619286337649,0.390377348234754,0.120209099675294,-0.116686928669868,0.16079082165037,-0.843401715850536,-0.268996542406808,-0.0941199319027704,4.41975980021756,0.548750134044506,-0.232947519460887,-1.12362064621272,0.287969931966964,0.70493334420637,-0.87466028372726,-0.693147682539392,-1.10616321375296,-0.128053530517507,1.88174929299097,-0.55206134709707,-0.484619286337649,-0.038647277652581
"Trimethylamine-N-oxide",0.158277515137743,0.158277515137743,-0.300390528460226,0.00692203880998234,0.924985268482365,0.478636056639914,0.22964198398989,0.187147297080916,0.503035543388342,0.325233006764269,0.215582930477424,0.550909846974698,0.284855657980537,0.51511822978149,0.453917613327229,0.752501818309942,0.654391019716102,0.915263221427796,-2.14275506637877,-0.140498089610984,1.10961316899061,0.022614527101251,1.08304223080852,-1.91621890600509,0.752501818309942,-3.01292864403694,-1.28808103440809,-1.05324522360679,-1.80620066915894,-0.263672209956286,0.201418564721511,0.924985268482365,0.51511822978149
"Thiamine",-0.496905378243347,0.235346824885337,-0.537618137951713,-0.0371635731991092,-1.21813324165011,0.597242650976136,-1.35214901103256,-0.129296601503506,1.62144562339622,0.149757599491654,-1.34052473148537,0.680517511202409,1.14527988829466,-0.278733873729805,1.04279968699655,1.58027943851532,0.188862344720461,0.597242650976136,0.865388457947616,-1.7492599136267,-0.0125196917882842,-0.622421742451488,0.400950704346366,-0.19393026923003,-2.10812238518396,-0.727647706710848,-0.496905378243347,0.243649862400919,-0.0825412826496154,-1.39954381909186,2.24029477557997,0.78594935636347,0.408409361678389
"Propionylcarnitine",-0.82960604337396,-0.409367655090404,-1.24328320570488,-0.920367166551366,-0.533929131977514,1.77740866401928,0.364432853608564,-0.177832404829899,1.48487624638264,-0.0474018149201981,-0.30411268935894,0.0424606242486581,1.16639410310628,-0.705514974546114,0.480358591262012,0.294831720998207,1.48487624638264,-0.38486045842618,1.24102293689865,1.27505738308295,0.671525916144651,0.527245110515112,-1.06000602677469,-0.559257038954689,0.779956068532425,-0.0323006199980805,-0.984997626683218,-1.26301325803042,-0.567731186863231,2.02355928760033,-1.65516709255789,-0.344306972392686,-1.59095038574813
"Trihexosylcer(18:1/16:0)",-1.36175761766055,-1.83373770757166,0.258437699244694,-0.636781466895224,0.288008405334989,-0.567260455236096,0.756515482936594,-2.41360383578281,-0.0712838784181841,0.507696946305841,-0.404915680825527,1.38262924801008,-1.5198985075974,-0.129987553227463,-0.489754374952609,0.175563621767225,0.396343434130702,1.57934742149668,-0.0464767152052679,-1.80379362767054,-0.697696734316182,0.81250864463152,1.77274894963074,-0.129987553227463,0.0186784065563488,1.44302737196786,0.331818641672882,0.800156798825578,-0.121529805109164,0.628164756176511,-0.313413394871229,0.534893822428973,0.855339257450177
"Histamine",-0.399037164155652,-0.487233304262816,-0.473571089320713,-0.332155437371634,-0.312250488116902,-0.597786283750421,-0.246422681223914,-0.33880666609683,0.193298239422805,-0.174921943637473,0.400490086891436,0.241358089138197,-0.022112962248392,0.532463548223626,0.0588976718538239,0.555091612524715,0.655767097427509,0.0403098810597559,0.0958834736664771,-4.90487106311723,0.526791769561568,0.283064375329493,-0.0158382907528101,0.60566264342573,-0.43956516997181,1.03044858710992,-0.480397900496629,0.819520033299747,0.481203022725649,1.03044858710992,0.577625784172829,0.819520033299747,0.277125908280369
"L-Histidinol",-1.25936634253922,-0.817725565190776,1.30829141605962,-0.333380820034009,0.843396801449147,-0.291602793507252,-0.980373702851554,-0.30544274952017,0.540705462445771,-0.493570473764064,2.33033510990744,1.68763828523418,-2.06759335117927,1.47156960996619,-0.291602793507252,-0.183846339088815,1.41414557748693,-0.617683936226113,0.413277854097948,-0.570335118852978,-0.666051085405034,-0.783125101884057,0.597168321427392,-0.539314133867804,0.988543016114915,0.492545468957566,-0.888565618698347,1.5398199323804,-0.906629858424545,-0.698883577338465,-0.58600755687387,-0.0684884507012007,-0.277847486072719
"L-Acetylcarnitine",-2.47884803175782,0.301091324629066,0.475035843877394,0.125100352338424,-0.324154435402535,-0.324154435402535,-1.96118184089773,0.213354650229688,-0.0529857997732865,0.213354650229688,-0.600329543046495,0.475035843877394,0.388316412013727,-0.233217619777379,-0.142830274669756,0.125100352338424,-0.142830274669756,-0.78732022913324,0.561255449150863,0.816972105198426,1.06839079825048,-0.142830274669756,-0.233217619777379,-0.0529857997732865,0.0363222870024213,-0.415647442959622,-0.324154435402535,0.0363222870024213,0.0363222870024213,4.13807745126381,-0.142830274669756,-0.142830274669756,-0.507703487952208
"Cytosine",-0.514458593524617,-0.643450451494455,-0.514458593524617,-0.430119991104767,-0.305996174507279,-0.643450451494455,-0.265238358284693,-0.388432329908499,0.275669189905939,-0.22478134049447,0.164169053953441,0.275669189905939,0.0503538716646744,0.562369869507532,0.126492609912498,0.562369869507532,0.700286603469422,0.0885554271605108,0.201588318897959,-4.8307576848042,0.527341628733684,0.456606440483915,-0.0658745322758598,0.76796525356966,-0.388432329908499,0.933594197552924,-0.4721271010951,0.867941903528386,0.492088124413583,1.03062152747002,0.597175707253611,0.76796525356966,0.238753891960556
"1-Methyladenosine",0.392507978129209,-0.414947295460207,-0.599824410326174,-0.445129094088243,-0.483204004530287,-0.407439954316905,-0.467927242714627,-0.752994128316032,0.446550859999308,-0.407439954316905,-0.703939972093474,0.581195588787589,0.337668366648725,0.626909052234275,0.470320182240039,0.598404037089232,0.793498960943034,-0.318514135422861,0.20647490108056,-4.71030650554316,0.621225496852198,0.19373555207515,0.416624018988928,0.404585541576158,0.129376052658467,0.575441703225965,0.534913358490376,0.711136490703252,-0.392470572852758,0.00393765614008977,1.56113906694139,0.0638834054307212,0.434608999746845
"3-Hydroxyisovaleryl Carnitine",1.17220982540924,0.556670137613817,-0.21217444866122,1.29538018790857,0.0178696959265858,0.235244274429339,-0.650129385733346,0.0178696959265858,-0.519964601172544,1.00176720572605,-0.153394591006484,0.762422764312316,0.474588715843082,-1.67712428076617,0.235244274429339,0.668790529662121,-0.231963834341043,0.305121747759276,0.524042066141958,-3.63704428837866,0.252829934583422,-0.172890799401604,-0.192483763569574,0.390764459147883,0.05494014835526,0.762422764312316,-0.477512856910613,-1.7638964369277,-0.21217444866122,2.07535449227551,-0.251852915079704,-0.650129385733346,-0.000796883419592081
"Adenosine",0.553294444096005,-1.34737832050383,0.905293848625963,-0.674452428817841,-1.00643136275204,0.72484543223498,1.11751220299767,0.484329418465474,1.22817745977162,-1.17249429426558,0.862208073691086,0.612721923154738,0.754536231806442,-0.67755239414705,0.213886119961663,-1.52913820730748,1.3070600269874,0.448599271939163,0.389568082114446,-1.54860895292248,1.10365686219504,0.921132100368656,1.04689667390207,-1.64104358009432,-1.9335109136351,0.382020326762607,-0.193748653573562,0.17956869058873,-1.3183495229285,0.320206767249899,-1.28284862166093,0.144434103252789,0.625609192442254
"Riboflavin",-2.08470372716592,-0.862505854544437,-0.999634957381898,-0.83253646092747,-1.85820284775157,-1.12147982090499,-1.95774280061952,-1.46914012538006,0.511301055132576,0.474940755518762,0.683119794670514,1.30469985074853,0.152945437212573,1.1834595628501,-0.247774574093737,0.999191607962206,-0.226212518742804,0.985301536523882,1.08041550615317,-1.19681484001326,0.985301536523882,0.225757030530651,0.885043830263369,-0.426951248644304,-0.0257564899362019,0.79457145471352,0.263177230421295,0.957205304067654,0.126549036082226,1.09361353956647,-0.475353758304958,0.283644500756305,0.79457145471352
"Normetanephrine",-0.367803604184567,-0.0301593389231273,-1.50844124945725,-0.153431163696462,0.280974677510698,-1.01217886008672,-0.111913252198597,-0.736900086487098,0.205450026033818,0.108975088390712,-0.216534739490559,0.03006851765717,-0.688839809330158,-0.216534739490559,0.838371472374484,1.07491820862369,-0.45690677687511,0.569460010757107,-0.132617864883163,-2.28455368366335,0.706195088939188,0.167141280489566,1.76192747013925,2.03547898415188,-0.0301593389231273,-1.09069477863814,-1.22511186533693,0.499282527075475,-0.665026378471901,-1.33602607160261,2.22320276912925,0.552031743929743,1.21035573653754
"Hydroxykynurenine",-1.25254708437213,-1.32346277395458,-1.29756347703828,-0.70594652289444,-0.290520472311719,-0.694427793830661,-0.441766563731836,-0.591888956830679,0.856556824859123,0.726785239129094,0.770402420690835,0.548572228907411,0.364049498275257,-0.128034809781406,0.457127378484844,1.34556107799971,0.2212399408622,0.0245289436237717,-0.301179418316817,-3.19274207991552,0.856556824859123,0.856556824859123,1.72070299230492,1.02470762581671,-1.63093940824914,0.682799975735341,-0.485798274629592,0.316879739422716,-0.327922538966435,1.065911182524,0.548572228907411,0.457127378484844,-0.179898150923232
"Ethanolamine",0.114997760488047,-0.394075888300753,-0.224023044961083,0.447272630752433,0.420356922556574,0.352469896421733,-0.0297736107889695,-0.285237593073082,0.420356922556574,1.17422865756097,-0.300651171076039,-3.25196515633858,-0.667987143522826,-0.224023044961083,0.100695443152236,0.325072319244423,0.114997760488047,1.58036782884582,0.433831683524166,-1.52681679643426,0.98334111867107,0.0863548330871111,-2.23096159176116,0.513976041506734,0.406848177288254,0.447272630752433,0.709242427893639,0.143488331171797,-0.239261219277946,-0.870132441527283,2.06810455105445,0.393305275864078,-0.991672510857614
"Malonylcarnitine",1.26949077148057,0.469834551781341,-0.0495874187083896,1.24571958227898,-0.979601486743494,-0.0695365306281111,-1.2931844224213,-0.93136860980619,0.178340993207749,0.00933796717693893,-1.87292934826769,0.302438713861655,1.28129357099424,-2.69719963374918,-0.0297935543689734,0.731330368972564,-1.45712206982719,-0.68256780493284,1.19750015272571,-0.10991037406505,0.626890529406359,-0.602292937686903,0.249993583025817,-0.412036147128162,0.26759572061947,0.485983804325318,-0.19263307089866,-0.505386027140957,-0.0495874187083896,2.1421519023895,0.302438713861655,-0.130340192584821,1.30473612155837
"Cytidine",0.689599212224031,-0.166234985150022,-0.844925670566112,0.203397889727072,-1.3690853080108,-0.986531504283607,-1.42195844209811,-0.50278461744202,0.335415380918793,-0.00147685650167902,0.592066315775452,0.584930930984325,1.12679709202548,0.253839855820977,-0.039145230399822,0.80248398807486,0.303148198076922,0.29500670862597,0.169113928307342,-4.09960008595436,-0.186457514380858,-0.5502270903968,-0.399647301881055,0.382943496797517,-0.444888675614737,1.02392846175859,0.00784005299479796,0.662172243978813,0.648329113582744,1.4288358890973,0.885051401996246,0.14304476354467,0.475018358367996
"Adenine",0.469271752812873,-1.82534021391324,0.889029529679825,-0.822105558102711,0.774085064994513,0.655287003263282,1.0905407260293,-0.105416465159479,0.754559889916241,-1.07534257154467,1.17848097824883,-0.232448356581021,0.227804296226921,0.0172189659905121,-0.105416465159479,-1.17517481583623,1.29804254538256,1.39740822258609,-0.258410453005145,-3.55146742461416,0.870129163215082,0.447987542814412,1.00036256985426,-0.614458954555954,-0.337457826500415,0.405031740364893,0.227804296226921,-0.0558518766238163,-0.585763977435489,0.112360527516544,-0.822105558102711,-0.337457826500415,0.0888135285118694
"L-Phenylalanine",-0.932080351821204,-0.22507412022187,-0.295662329641226,0.034336566103785,-0.439933469533052,-0.439933469533052,0.646615543297081,0.563650612981332,-0.211076516642753,0.405782144988664,-0.410740762053123,1.80453526740862,0.430399855296205,-0.295662329641226,0.356176220100386,0.368624401673057,-0.12791238144905,2.30817126202891,0.515609948577963,-4.29761368620081,0.00766184077370061,-0.197118398598669,-0.15547874558963,-0.141676366862101,-0.558457688689671,-0.281463899338255,0.229941068719381,0.21713860474579,-0.367272111504347,0.728212320363816,0.430399855296205,-0.100498740330925,0.430399855296205
"L-leucine",-0.549271075474238,-0.350102071237538,-0.549271075474238,-0.389439478072502,-0.156987783073797,-0.311006742284956,0.176480819962998,0.527563009765261,0.595509870353675,0.458881574289527,-0.350102071237538,1.84882422938121,0.493315105230014,0.103874647903642,0.389449507170477,0.527563009765261,0.424260393752779,1.59410530929157,0.827759212438545,-4.47738629181998,-0.350102071237538,-0.589865276890027,0.248266565740349,-0.549271075474238,-0.272150529989571,-0.0438755207874514,-0.272150529989571,0.424260393752779,-0.754886786275405,0.7292615664566,0.319250219362623,-0.0066145875469941,0.283857532248231
"Dimethylglycine",-1.14814782822449,-1.67275772294934,-0.163507529833114,-0.768751291159781,-0.565682258261958,-0.442208006750318,-1.5547190722698,0.591122270748641,0.334930292059849,0.0713114335610022,-0.632869367817422,-0.163507529833114,0.674940502996557,1.77385322725951,1.69961433481145,1.16224709483153,1.6247644158021,-0.172661243562185,0.247903658359687,-2.26400615205554,0.0713114335610022,-0.357697409536552,0.160036174599102,1.16224709483153,-0.461095269659659,0.674940502996557,-0.283230554793333,0.421132016346605,-1.64041312280075,0.160036174599102,1.16224709483153,0.921857403041486,-0.623240765730041
"Purine",-0.265683764782055,-0.229196834879106,-0.265683764782055,-0.271801786153268,0.121784190672657,-0.951789601811545,0.549359129490665,0.390590792348075,0.470868247786183,0.64507839430067,-0.346057969605903,1.70897576612121,0.277138254341165,-0.290219783286184,0.292825626841965,0.602325889804727,-0.104385484880917,1.77813559838205,0.445977259257555,-4.5966878686379,-0.00648588815003493,0.12725671067846,-0.265683764782055,0.165328428144235,-0.701031553379931,-0.16921174218063,-0.0292778151917044,-0.346057969605903,-0.121947538275016,0.649796841072804,0.415874330268236,-0.116083798875976,0.435971469749531
"3-Hydroxydodecanoylcarnitine",-0.448848333090804,-0.916483539326711,-1.27615123734965,0.376885442411748,-0.603181600991337,2.61186512313826,-0.374284737206788,-1.5494937830661,-0.327218226503638,-0.694695069925688,0.22203925475228,-0.765020068187113,0.287436108177981,-0.194871417480944,0.00839069973911193,-0.189884760714466,0.376885442411748,-0.0532077926720063,0.0364408048004092,3.91100451778321,-0.0820269577129225,-0.443466613617602,0.317520430961066,-0.342833232946772,-0.327218226503638,1.21900781105693,0.208804276007052,0.164303709871445,-0.677343547910025,-0.0772064025342927,-0.0484287641854839,-0.285932825675612,-0.0627864835097707
"Acetylcholine",-0.676186586993085,-1.20049411443589,-0.822380620224007,-0.301595733997223,-1.17605186526769,-0.43764630119969,-0.0494218992220437,-0.43764630119969,0.0481689828241355,0.238100125900382,-0.138823184120573,0.357989492573979,-0.501641222804642,-0.0889690233915268,-0.0297588731766563,0.572415568041656,-1.079398980273,-0.0199547544995257,-0.599111986168368,-3.23804681248547,0.62468843457779,0.312199817940877,0.82875311743939,-0.458891868664695,-0.643016741400019,1.81490136142666,0.55487563034576,1.34481887890708,0.795285389577477,2.27831413776112,0.853715416379706,0.330563371725969,0.944247144101895
"L-Carnitine",0.0989160736837395,0.506003926721758,0.506003926721758,0.140396793378235,-0.196488135817582,0.304580402842925,-0.282556488264579,0.545794999294534,-0.679533247206995,0.819884577137796,1.74040456283271,0.0572584633916187,1.23563646161719,-1.09332806570572,-0.196488135817582,0.664204871014398,-1.82449426805225,1.41891941424802,-0.196488135817582,-1.47646324272228,0.70335800883803,1.08649318585459,-1.62410375795427,0.858419912354999,-0.501104637222283,0.70335800883803,-0.861281649007102,-1.62410375795427,-0.589911565296201,2.11948437627764,-1.09332806570572,-0.589911565296201,-0.679533247206995
"L-Methionine",-1.12903379041729,-0.454436092020721,-0.875504975262898,-0.0662659480897189,-0.404224510959414,-0.0896584818906593,-0.35451505411977,0.206180548139268,0.184038399015823,0.379854256457158,-1.61438527462859,1.55267401134564,1.01956674773707,-1.33556990595995,0.228224505591503,0.506239986212849,-0.634281700996104,2.09491215039295,0.924879994228286,-3.08709428193266,-0.0198085607895518,-0.986591257511244,-0.160503922267262,-0.113161619099399,-0.660513446614419,0.42234087628975,0.828354548536857,1.27547862126692,0.0490734318279923,-0.0429829815934074,0.981908202028232,0.526995357740711,0.847810167342141
"L-Valine",-1.36143663270445,-0.97624155791753,-0.930554001874364,-1.00558434113401,0.0324405430880337,-0.202486457511653,0.19232508839763,0.0971487803522394,1.13943414317913,0.66549716589953,-0.601398849275573,1.82425803865419,0.693323440177478,0.435772540492392,0.775680450384329,0.637479644249761,0.254563447759377,2.00911993929586,1.2133310310788,-3.37404455485944,0.254563447759377,-0.639676438990531,0.609268228174243,-0.796485515762478,-0.34307050449358,0.0649230524276612,-0.237180567802473,0.494428708627764,-0.988791183077529,0.160845909940083,0.285329883256237,-0.415223420878607,0.0324405430880337
"Biotin",2.52230863440107,1.96431738327492,0.972508633057828,0.137493479464142,1.30546386998824,-0.266086847837112,0.723339229581471,0.248174681836963,-1.48531428504846,-0.325927732089157,-0.723097679860266,-1.42767954817652,0.410607832142521,-0.781029048534407,-0.571187585776373,0.516598923529675,0.463827937921087,-0.325927732089157,-0.0322904706581688,-1.32102560382989,-0.859115282957823,-0.615114783757597,-1.22309681774525,-0.508964936237861,1.66546684544023,-0.832978046644623,1.1649338057676,0.773973714200993,-0.266086847837112,-0.703905875484503,-0.0322904706581688,-1.03172331330523,0.463827937921087
"Metanephrine",-0.365746384311228,0.555027317289422,-1.27428210362779,-0.121705516498641,-0.160705124950841,-0.599332263005495,-0.975083037305113,-0.764520301664625,-0.00693893079202022,-0.461772774795718,0.213158572955963,-2.38989861389543,-1.79329723119089,0.587659565110301,-0.778217955818368,-0.432302396857704,2.42973523451196,0.353433602911296,0.522126488277251,2.49076585752661,-0.308405243077926,-0.403047695337704,-1.02342012154798,0.86994821682205,0.930061051252917,0.808917593807393,0.318823619098273,-0.466000620942493,0.387746501654188,0.715588183523885,0.421767372186475,0.652135610626505,0.0677815280653443
"Glycerophosphocholine",0.270021003369404,-0.290975382131266,0.270021003369404,-0.258232882172662,2.27546904743023,0.229871193102151,1.39101449660155,0.0119495931206325,-1.7414814851093,0.725720516118094,2.23832699858624,-0.921715986949554,-0.749134645798845,1.95887337391437,-1.32997606585971,-1.37955841117604,-0.523463197013397,0.133707429015767,-1.15202562445005,0.182233364242494,-0.21787557105432,-0.452387261092648,-0.690856216908234,1.20308795308565,0.980391355395491,-0.652716422117456,0.342058150857365,-0.0624267360566461,-0.299225767564713,0.516905264173532,-0.587287623822959,-0.700479127775574,-0.719832335329093
"1-Methylhistidine",-0.729552404617696,-1.4830666566357,-0.513219991723136,-0.215415004768816,-0.789704155177753,-1.88789411497976,0.243770574689067,-0.448787624707297,-0.636695842542232,-1.55483342416231,-0.611715442841873,0.0559944913628717,-0.307250096650632,-0.570401195676048,-1.27468361244589,0.182085022380526,-1.7127745525576,2.09511192745774,0.0843358134112671,0.250570228369805,0.0488798825324689,0.449715991160491,0.695541757504201,0.297869150348127,-0.177721686742685,0.928072984491315,0.99716330656644,1.52840124607091,0.119501831554219,1.3794638299812,1.69183569728458,0.533228907563592,1.33217316350077
"L-Tryptophan",-0.191140980910476,-2.150725118718,-2.71889017047202,0.0687074903329208,-0.119183843912734,0.0550963916081368,0.444048967372335,0.425497207386566,0.350393200601966,0.792007099279082,-0.493057369715157,2.04089525259102,1.60840094715778,-1.1965197017379,0.780707322783503,0.808895500038593,-1.33043655288625,0.425497207386566,0.529473686471535,-1.35974236458883,0.195693230741048,0.0890353186109466,-0.906691361757024,-0.500913619141218,-0.324113804492214,0.00707923321722539,-0.147807283679512,-0.564341014512169,0.142729552923229,1.55775508439465,0.356707508992652,0.723711132273795,0.601231852359856
"Suberylcarnitine",-1.10893298763198,-1.37847758222753,-0.753284306713592,-1.10893298763198,-0.584054752444551,-0.95357096870805,-0.631855330553935,-0.536682884844889,0.565944976596834,0.716867467768604,-0.261041502729507,-0.172267516715319,-0.0204151905209612,0.209724998524442,-0.216468007556728,0.488835171617711,0.641945249415139,-2.18348035852283,0.716867467768604,3.27555904510384,-0.283470104719814,-0.216468007556728,0.623047455259153,0.230158013685907,-0.261041502729507,1.36372871600685,1.0239377646549,1.46154498983427,-1.03068077368719,0.641945249415139,-0.0633579297592859,-0.466412298524512,0.270788428127682
"Norepinephrine",-1.53275588219315,-1.14564412090344,-0.447109054583709,1.86980190276297,-0.766455937714953,-0.822388065041782,-1.14564412090344,-0.965926462567418,-0.907859439808192,1.17081904505954,-0.200053641017737,1.99272048229521,0.142819478781887,-0.128961550346985,0.0766731834933445,0.0766731834933445,0.142819478781887,-0.576927667692503,-0.321575675397112,-0.524467303375316,1.44432532534659,0.142819478781887,2.53070138622697,-0.200053641017737,0.911990211756896,-0.22404940586989,-0.0133503355782717,-0.879155031007301,1.03497188597494,-0.936782135182612,0.416861022754698,0.839887272943862,-1.05472386825237
"Indole",-0.938737920620506,-0.367114577890803,-1.56844597456748,0.317950188475323,0.272678123711413,0.180587622277469,0.537020168867981,0.407004490708925,0.579447861705139,0.805176525015065,0.0142143762266841,2.520575409958,0.317950188475323,-1.64080160523922,0.980945138416427,1.05668206582387,-1.29129128295754,0.642267843214074,-0.261866903544709,-2.45469191680144,0.133745393710433,0.157234199452652,-1.12722807553447,-0.758627929279684,-1.00059878089327,-0.908158095141816,-0.261866903544709,-0.261866903544709,0.317950188475323,0.472533805413596,1.16769743885672,0.884238694827661,1.07539714594821
"Methionine sulfoxide",-0.971525640467323,-1.40402927332193,-0.70620774196162,-0.897889957439345,-0.192015710248205,-0.183696825920677,0.97358561501279,0.938746163578949,-0.20871901077144,0.0945552595819723,0.764759054198272,0.426763005020042,-1.60532777688347,0.147400602536621,-0.775491350331378,0.00186992696040576,0.746205232283597,3.2870339185709,0.45407623231908,-0.600292711683479,0.807635160291979,0.825835237229258,0.613207962434228,-0.28498828922003,-1.02518578974312,-0.200356400326289,0.243272579418425,-0.572008334844516,-0.755541620764189,1.82039269274962,0.124859978576185,-0.242390980466677,-1.6445312063687
"Alanine",-1.32184039279667,-0.98530788303377,-0.966205733322989,-0.424904655703268,-0.191197994159054,0.43594558225488,-0.81598206388086,-1.72715437051043,0.230596622701377,-0.110331572458962,-1.70497535491644,-0.340167520212919,-0.174918827752393,-2.4433498231185,-0.256854605883257,-0.207530798772687,-0.7791268627623,1.23076437377159,0.633125055012444,1.00540730747496,0.728849442077704,0.0785294306809255,0.875635453390897,-0.390835781282288,-0.256854605883257,1.58498658083062,1.29158724380057,0.392652715665704,0.185464277096755,0.605432235972976,1.67532168610356,0.755863142260207,1.38737769735499
"Sarcosine",-1.20689937549952,-0.848861582011261,-0.898586559248105,-0.451299483462612,-0.315017713326285,0.306032798981804,-0.948771250035046,-1.74369034890796,0.345897889220288,0.143578618324098,-1.47791765876317,-0.420717588169437,-0.51298505700446,-2.44911368855175,-0.270340324849929,-0.255529205001341,-0.622650848608082,1.39047584070211,0.604435896669089,0.875290230852952,0.411695931888537,0.184650229571968,0.982313299944265,-0.654395220109913,-0.196685571254193,1.61512605316402,1.43398927656605,0.553704012857367,0.0883285529913961,0.398599973650434,1.61512605316402,0.814908384038925,1.50930843221591
"L-Glutarylcarnitine",-0.386821880515648,-0.317786282766106,-1.02242833150039,-0.317786282766106,-0.754127999489146,-1.1071171219001,-0.754127999489146,-0.4810487993365,-0.78004770077241,-0.0334884606610025,0.581053371774928,-0.627343708873151,-0.161828736021972,-0.627343708873151,-0.457252230739593,0.190191867487566,0.545660339218632,-0.410140922399497,0.752821302820448,4.62719621050206,-0.272510532590447,-0.250091267137769,-0.4810487993365,-0.0334884606610025,0.719138105878026,0.11050419766881,0.979908880397996,-0.205680682312934,-0.505008919516239,0.900493515501336,0.719138105878026,0.11050419766881,-0.250091267137769
"Serotonin",0.104836270804078,-0.216510460360763,0.0740775783615052,0.0675134609023959,-0.704116705422219,0.575982174200748,0.631665084373078,0.054290474440269,1.23926464717388,-0.508288615986957,0.685180786361102,0.575982174200748,0.746766300871825,-0.559227031852407,0.695638479318222,0.695638479318222,1.37288229044727,-1.3191036829108,-1.08729484168956,-1.51242916929569,-0.898911663003015,-0.939361049562592,-1.05715270355146,-1.39320537872704,-2.54576154361795,1.31435516003323,0.564569826573801,1.59573826654451,-1.02401423265159,1.0435542252322,0.194688538148803,0.796061184243672,0.736691677082521
"Gamma-Aminobutyric acid",-0.724279078589326,-0.535423799655233,-0.094947496140548,-0.898831396369163,-0.00811725751299114,-0.255796367133579,-0.526398977918068,-0.675502497787806,1.50694902720352,0.109233835039034,-1.10035954512991,-0.247860466151166,-0.0510981966848158,0.479043703797521,-1.73652792110653,-0.535423799655233,0.501594207954064,0.461975727240443,0.745365887952107,-0.704636713756672,1.00045299141923,-1.17191986741185,3.09788597234104,0.181919870892545,-2.37144297640959,0.0821871735211656,1.34202416158409,0.668843279679585,0.760351907215216,0.201328046417604,0.523912826212114,0.295848053886899,-0.320350314943717
"L-Asparagine",-0.640087733217767,-0.232114384718236,-0.878568482943708,-0.860022374019813,0.152832885586459,-0.0867635998993121,-0.367202348354324,0.583623419031099,0.883843160138714,1.13462648747134,-0.887876603664454,0.391023134473216,0.825721204449598,0.0818563152638967,-0.124462272004793,-0.147267707552278,0.0818563152638967,1.51808538861124,1.73038679420111,-3.56924428324396,0.676281036487122,-0.0346241346225037,1.18811536443457,-0.532730893622121,-1.7915067977269,0.423829287454974,0.0458495134739117,0.70665707552914,-1.00144457682685,0.583623419031099,0.117515219809954,-0.395639115749281,0.423829287454974
"L-Glutamine",-0.0243590724158837,-0.123455829187676,-0.73217856688564,-1.69420111559733,-0.123455829187676,-1.58421451274582,-0.73217856688564,-0.628995314382375,0.839252390284873,0.556865930763584,-0.73217856688564,2.17661415322097,1.38857357508792,-0.836075896020707,1.02460170920638,0.745712498016001,-0.323633516712924,1.29840451039195,0.171893449508869,2.00503395261249,-0.223211040999716,-0.123455829187676,1.20769061420526,-0.836075896020707,-1.04605280334415,-0.424732243147732,0.269065983842985,0.461544314401951,-2.14238676031387,0.269065983842985,0.365613610098078,-0.424732243147732,-0.0243590724158837
"Pipecolic acid",-0.304306272238407,-0.831015270555898,-0.460089112032966,-0.0436856200860655,0.0281623785631668,-0.228335667789983,-0.228335667789983,-0.116665129688173,0.629102779550543,0.0636729207896561,0.098913418257212,0.873059267275775,-0.00762237905940288,0.133887947171617,0.404569440249581,0.597685011179552,0.0281623785631668,0.961330566343928,0.534203154285087,-4.79626023049013,0.237255126871086,0.404569440249581,1.10481271151876,0.469839576780156,-1.09589325243764,0.133887947171617,0.203054948879119,0.783073855709982,-0.961562018400793,0.33836684170379,0.437319421676901,0.237255126871086,0.371586360907948
"Cysteine",-0.817970526408297,-1.13693840971881,-0.843976305587361,-0.151602501340468,-1.21912187939395,-0.749113410095029,-0.230357535525962,-0.861369989264275,0.418357515772182,1.43016559819559,1.30548021260645,0.706741307914965,-0.740556033795697,1.24225249835336,-0.0274970813136026,1.17841972501232,-0.206633240533637,-1.19161473150471,-1.00217677763584,-0.78345311996518,1.30548021260645,0.489853097434954,1.24225249835336,-1.20077118305985,-0.817970526408297,0.353349675653558,-0.740556033795697,2.61538325534486,0.518238135631243,0.518238135631243,0.382320291921592,0.280367832636773,-1.26522070772216
"S-Adenosylmethionine",1.4162823037154,-0.410975636855632,-0.457374999450461,0.380398893128505,-0.950891154798343,-0.223163336342822,-1.512814623134,-0.651107642720255,0.0927949176759245,1.33550925363319,-0.520467697408579,1.03584742434788,0.172714399023358,0.197483229781582,0.0280404518343814,0.437539824620289,0.384244960147559,-2.09314922939974,1.4162823037154,2.03275362315962,0.00611685240694974,-1.21771206693501,-0.82352191528269,1.07811329599016,-0.0562030799589446,-0.590469787451019,-0.579585105200563,-0.16639108161036,-1.08436245492007,0.0970588436998737,1.85716955651351,0.882654301208952,-1.512814623134
"L-Serine",-0.805457334376483,0.16624481153463,0.348151347352025,0.0463537263753221,0.507108032448148,-0.259507656836159,-0.194735950162362,1.14423513783769,0.844662203455961,0.645320018581721,-0.890963612854692,1.02135791128153,-0.0680433659276255,-0.568679784023067,-0.372862549515111,0.0463537263753221,-0.619057403046134,1.54250481773447,1.39267276013849,-3.06251969370698,0.682938050928023,-0.558674582485849,1.15095994377052,-0.250194707640393,-1.76130136870652,0.645320018581721,0.258158310051212,0.315643741539615,-2.00594210447756,1.21763677564095,0.404455904994785,-0.598835594423835,-0.363301530439363
"L-Tyrosine",-1.12062406723837,-1.11665515416554,-0.626752495657362,-0.16922971768152,-1.82691782823544,-1.38813073641784,-0.108230717903851,0.182609119016302,0.962192747638655,0.65489996362165,-1.23350808578603,1.73762378963196,1.05185625865452,-0.231245414139596,0.846986775471371,0.154527056263703,-0.804817842585184,1.73762378963196,-0.231245414139596,-1.06544087449512,-0.804817842585184,0.0689863774181087,0.504033799088277,-0.934736224986556,-1.19684911287124,0.182609119016302,0.0400301561620235,0.984812000596677,-0.390963309429286,1.20374900773104,2.13885371887487,-0.0482156159710145,0.846986775471371
"Phosphorylcholine",-0.668302842905403,-0.750172932970619,-1.60140322267314,-0.68176278947626,-1.15595247826161,-0.318176254399553,-1.86880735142216,-1.54355938374287,0.973541435545128,-0.512201137671964,-0.0738485438090235,1.10230664777146,0.196611914025279,-1.25583835948742,-0.294949909774368,1.16105792412484,0.785831209260689,0.647083624575206,1.63556146044277,-0.42545445613038,-0.377205340382393,0.196611914025279,0.566534250775737,0.0600333502534288,-0.389180490638623,1.42412353911119,0.0700406343601793,2.02501577938998,-1.35988733303608,1.25600525941979,-0.138147737698856,0.952589026921729,0.361902594477953
"Ornithine",-1.4906320689204,-1.18280610896669,0.189609759642114,1.40438211186508,0.344080140290987,-0.0586206802835129,-0.306371333142193,0.306223162500564,0.325213107960447,1.05778117550076,-1.16066316555888,1.32487864775693,0.287108691918644,-1.16697257563833,-0.213825581868268,0.875537691077525,-1.11067357911932,2.79233560009283,0.844024450978339,0.362825840384889,0.0054466529442678,-0.763558718028128,0.129505644317379,-0.763558718028128,-1.27965708820552,1.35162146210865,-1.16066316555888,-0.0371080636850831,-1.30935119543177,-0.526010897842264,0.82813914562304,-0.629205614772344,0.730965270087158
"L-Kynurenine",-0.365991620152509,-0.435585293086292,-0.789925688880339,-0.589460765146564,-0.709484368287667,0.824391747750966,-0.239783103372601,-0.196772196553111,-0.305774814324715,0.302004396726081,-0.261580055539292,0.942347928639634,0.955593865468774,-0.753841916216896,0.284614091746136,0.527885048273774,-0.154515906102669,0.590178523326474,-0.443443527711928,-2.50528156464294,-0.640168885998138,-0.606245131162285,-0.298352476320704,0.0269667380549211,-0.412163259793884,0.336412792999495,-0.589460765146564,-0.196772196553111,0.159233908975909,0.370336547835349,3.64384542684812,-0.548004547618315,2.07879706596484
"Glycine",-0.743283003214935,-0.918364804826947,0.0387290061562783,-0.865220562077935,-0.250752584014071,0.112312003855909,-0.458499250416448,0.451745390223821,0.4380346121641,0.0535288687029675,-1.00815958701112,1.71085327584153,0.355004508658256,0.613524184294573,-0.458499250416448,0.424287705530181,-1.09952703702613,1.82785395643597,-0.474827739642711,-2.34259599167416,1.34323210482691,-0.49120749579523,1.5469566121972,-0.345608798080035,-1.08112508479302,0.808938342078454,1.43475985682994,1.22651698970647,-1.58202854267936,-0.282180076940669,0.199263150799944,-0.954097465404628,0.77043670571128
"Carnosine",0.321103029559278,0.577672042519441,0.149595171553226,0.50333654169397,1.50426315643593,0.856309077503765,-2.25849574610141,-1.42064988751906,0.62063871489344,1.0396634173931,-1.09795645781073,-0.494857849002954,-0.851998377749099,-2.39736389441424,-0.362489504732622,-0.071295403452388,-1.10218907964966,-0.518047705066023,0.962069512056148,-0.922199788875798,1.47994971686178,0.47258682237547,1.72168656842757,-0.0408442439518937,-0.109084832961841,0.164783526981339,0.444386923713418,0.176079029161553,0.456982858415156,-1.19381985389722,0.47258682237547,-0.0215761941074695,0.939175887372402
"Histidine",-0.965745347324948,-1.31146958870218,-0.461852327480739,-0.519194468203982,-0.0929811468204886,-0.478965813978993,-0.213847769086506,-0.267600921903409,1.22290334048088,0.527092646853774,-0.554012626094121,1.07279556492984,0.410782336673852,0.290862783011743,-0.251396330507632,0.691025699991794,-0.399743345472193,1.11087261564958,0.674093408347378,-3.60590047538729,0.592636151923069,-0.000958004477470493,1.40269340313879,-0.305677972623161,-1.72260744324373,1.11087261564958,-0.338616717907375,0.975928604871563,-0.66038969166267,0.94045349146634,0.707884131895932,0.0641663647395643,0.35589683125317
"Lysine",-0.753225984958033,-0.913241727094857,-0.595945689031724,-0.832885991333439,-0.289228178447627,-0.913241727094857,-0.595945689031724,-0.364954311780251,1.1720557381742,1.04246664855165,-0.674249763894649,2.08982660171885,1.10748934505442,-0.214120224526053,1.1720557381742,0.844595081222702,-0.139620438847506,1.6728962875993,0.573967534093666,-2.65876823693342,0.152488960817115,0.295137915317078,1.2998449210543,-0.364954311780251,-1.41069656415008,-0.595945689031724,-0.364954311780251,0.642374341862249,-1.41069656415008,-0.0657190514821651,0.573967534093666,0.224089892298156,0.295137915317078
"Saccharopine",-0.504313792109978,-0.997409164556983,-0.746650237695308,-0.504313792109978,-0.23555755519253,-0.511653854041601,-0.54857182762492,-0.62351943323575,0.165283685250023,0.103468057139749,-0.46057340630914,0.743521520253363,0.333121609985899,-0.661564118953365,0.722452392111067,0.437171113364727,-0.801821570175653,3.13615272930398,-0.353409616893442,3.24535057038154,-0.374598117503426,-0.438893575427989,1.12280868266315,-0.661564118953365,-0.914667728594585,-0.134567790628082,-0.14121625523001,-0.0752575727489544,-0.882077018166206,-0.692281009124106,1.06059754290811,-0.360459120118693,0.555012772032557
"Dopamine",0.477003718328832,-1.10571262117465,-0.34616134065325,-0.682548270488697,-0.465001935283212,-0.0918599771318338,-0.259452595636306,0.0945942734532308,-1.42360550315785,-1.54260415730918,1.71300637022363,-0.495313549314759,-0.188704590619375,-0.0376290865892059,2.65278825451904,-0.730863952995996,-0.0918599771318338,0.726406028494842,-0.0782281228613018,1.12141495835977,0.272166309022542,1.1508879022743,1.86957711550299,-0.763425801800944,0.209714128685674,0.06852208336162,-0.465001935283212,-1.17810922581581,1.73816939930312,-0.259452595636306,0.234820674668693,-0.796274542837151,-1.32726143447732
"Spermidine",0.287275948818011,-2.04392096854705,-0.0669977872548085,-0.41655311246484,1.1776031582922,1.05008159899528,1.07589045252055,0.0976645494447988,-0.308668922426128,-0.0335566753364192,1.20265956278044,0.161802474359809,0.755456747898016,0.0652329902608961,0.891886022273944,0.161802474359809,0.348665009929329,0.193515985051015,-0.168911525105028,-3.09282207630809,0.348665009929329,0.498407031559376,-0.41655311246484,0.614553593685822,0.224997160244623,-0.527215739379771,0.379033766676036,-2.88736737696995,-0.918136134487586,0.0652329902608961,0.498407031559376,0.556872711600463,0.224997160244623
"L-Glutamic acid",-1.45522387060696,-0.765341403277269,-0.571210736174851,-0.802586856783336,-0.329038549737711,-0.441173917671911,-0.550332897617688,-0.0614107855121475,1.18223118887641,0.202611471254337,-0.127823690059389,1.56051840837584,0.900439027955736,-0.772756749310691,0.130124649446232,0.975367625263362,-0.109577363765487,1.16171023879506,0.174921102509812,-2.52654618656766,0.00953877263546387,-0.239485137367286,0.582344467910665,-1.60482421633731,-1.33850360327007,0.467375126179289,-0.48848477756908,0.441839672612563,-0.348550733438762,2.39324569628208,1.19040376899985,0.979722356125885,0.180477901845109
"8-Hydroxy-deoxyguanosine",-0.272836810926073,-0.283864508235098,-0.83438375922052,-0.451088730720862,-0.236404608456559,-1.07115115340556,-0.575556402896902,-1.57093625944125,-0.189776820058036,-0.0478565192566967,-0.83438375922052,0.0578770254264955,0.547617478110218,-0.423771448239454,0.212049044990496,-0.130010053383101,0.907456710418663,0.181302931565299,0.0546356975536331,3.70886586764984,1.76506382147153,-0.898581925800496,0.224248649825114,-0.563253331501138,0.0900748665221089,0.0448879437314924,1.04504821195911,-0.232788687858088,-0.518622839290822,-1.75015798253516,1.34085381075199,0.686725640037954,0.0187179004323932
"Oxidized glutathione",-0.162735491257255,-0.0265997805720656,0.315256064148315,-0.60630420612647,-0.00275323173234529,-0.0708094988248988,-1.51051428015874,-0.500084198920749,1.31005296810163,1.23750048987745,-1.33113603377325,1.25853918531054,0.0627498003370749,-1.52589931886825,1.11702578638872,1.38943893825693,-0.531860256197495,0.72453758677677,1.75565095757175,1.26896423476819,0.513534073532456,-0.546497312541714,0.529481130462954,-0.480160047665339,0.0935838668950655,-0.357234285331351,-0.748864890643934,-0.0507764997840369,0.163480757787695,-1.00052456598119,-2.64104160768007,-0.69363193231364,1.04763159815725
"Epinephrine",-0.383944130851979,0.620686597187651,0.52364188959562,-0.591771627410557,0.702322155844833,0.037456158382677,-0.84628795047159,0.593160753895178,-0.350171240136412,1.21347809244091,-0.088279400409213,0.537627090926612,-0.452217094296612,-0.233817446737927,-0.367027744925498,0.22004559124474,-0.383944130851979,0.822209938741478,0.279385394993807,-3.91024456360157,1.63085085508134,0.0991004836896878,-0.350171240136412,0.729225942834016,0.913413009468995,-1.46352096175276,-0.486724184645731,-0.20108908677013,-0.136299548145307,1.82657529323812,0.509615494681338,-0.663113150967059,-0.350171240136412
"5-Hydroxyindoleacetic acid",-0.58986655232584,0.0549222792496076,-0.689011912845079,0.332127087025534,0.194542100239269,-0.465470983684461,-0.477538920547446,-1.0727096174108,-0.156182766055368,0.00437255566564728,-0.815498198867896,0.59001647712781,0.880956613346948,-1.46257751571318,0.324312409563252,0.623600507215846,-1.18480327121201,-0.266165499945379,1.2800085874852,-0.166378657935365,0.0549222792496076,-0.501914823625197,0.164892491298462,-0.309855475246545,-0.260776466000644,0.202926414408746,-1.21167022686764,1.90588042270272,-0.110987632612234,-1.23893522595016,0.74279016451888,3.76003225240454,-0.135958894656869
"Adenosine monophosphate",-0.308507827982252,-0.380454271100182,0.00673930093573123,-0.522142670885319,-0.591299465960302,0.913836035364599,0.823711290343816,0.432039245614555,1.37457031416444,-1.70620640337542,0.184988839562317,0.344135632048123,0.234546862136372,-2.0674458542326,0.501519320674689,0.898323515415781,1.95196669500955,-0.29684813679328,-0.228747542832603,-0.0910988276144046,-0.482141970494812,0.856147551785452,-0.185020772671224,-1.5311097885306,-1.85089501206151,1.61447257607908,0.250705749556347,1.83212182140002,-1.05430862266751,0.587245237182839,-0.308507827982252,-0.417776808918253,-0.784558183171247
"5-Methyltetrahydrofolic acid",-0.385206832291036,-0.262542935726531,-1.83425792864463,0.270888625256177,0.116451495597352,-0.344345457151432,-1.71227960436132,-2.40310998018752,0.530454757455112,0.370715469038256,-1.6554117672918,0.813739447544412,1.37438348888663,-0.00585648761114675,0.692843683914447,0.765360606140404,-0.295444603482743,-1.82369883080834,1.57189032042276,0.741167524309121,0.322009076228229,-0.795704850417271,0.948023427368568,0.242929871975554,-0.48353022933801,0.778934681616375,-0.390430209790316,0.651723155571791,-0.573292458146302,0.073938370400474,1.41156282263314,0.526156356019072,0.76193899487053
"Cysteine-S-sulfate",0.623149123453881,-0.0892259441868121,-0.0698471173278092,0.722295952664478,1.43105801431454,-0.442649542447388,1.29453330518607,1.15914597864415,-0.93358686781783,-1.56675584317912,-0.231323084093826,0.00929916134442927,-1.72015279058073,-0.333984911478947,-0.754480015364022,-0.547533273615108,0.521389022929638,0.647675750345181,-1.27512074022756,-3.20123398536132,1.01724573659819,0.195364145445734,0.912760516239879,0.692723146730177,0.268870092258106,0.389135292964891,1.48034773134958,0.423541556581034,-0.270245705027228,0.489621640048341,0.23548366975586,-0.544008045468577,-0.533491970677899
"Cortisol",0.39337244272634,0.244251680050597,0.166414328732832,0.244251680050597,-1.30193015388167,0.331606582598597,-1.05980537360191,0.501773047909732,0.534530625706304,0.619950618347239,0.933341134493798,0.595320214581748,0.464893361427127,-0.96884006643734,-0.271160873037093,-1.6498483928603,0.228054198120502,-0.422589495913304,-0.0636638217959192,0.726351929925681,0.501773047909732,0.520021779116605,0.370378987779945,0.923992047594245,1.352480537134,-2.25024066469137,1.09913067945858,-2.06988231892265,1.33650326401135,-1.96542874818528,0.739774449391272,0.4611769438697,-1.26595367160965
"Hypotaurine",-1.36917156494274,-0.10517500092757,-1.09385956304939,-0.943541053624778,0.425022146738656,-0.476775043943357,-0.769767931218845,-1.14401294161215,0.692232817702162,0.603078594802001,-0.335245243437135,-0.313582460357009,-0.00241678951787284,-0.649473895747974,0.392366465497604,0.502477247109372,0.275205745454697,0.0862438232349498,0.911627222242561,4.04114093755319,0.570155336657128,-0.351662248605344,0.0156622098531027,-0.346173537427314,-1.60403993288995,0.589980264805731,0.421422374081205,0.373969488469091,-0.592167113803954,-0.876428223955216,1.2389201279983,-0.324381806172968,0.15836954903382
"1-Methyladenine",-0.60699221167854,0.0260035788342946,0.00657475200622016,-0.205269517925569,1.16349834687904,-0.592894589412677,-0.902476021021853,-0.193199982672061,-0.774906469611994,-0.685937016695605,0.176381285697294,-0.0355577868304015,-0.561453812878008,1.86080913935199,0.717924033471768,-0.163270894632802,1.26810153131783,-0.902476021021853,-1.60923309396248,-3.78473897379524,0.427243222538653,0.520221157390982,0.759873875724854,0.696690510685902,0.13430315078553,0.841781023505645,0.123675500514407,0.587819569351669,0.63192078778638,-0.526963212867684,0.801152491629687,0.520221157390982,0.28117449014364
"N-alpha-Acetylarginine",-0.909757066896236,0.0371881789211957,-0.291205652954538,0.404806960090779,-0.149094960142446,-0.835478323661733,0.0696111424039135,-0.467573889107981,-0.932384716161099,-1.09016664187135,-0.303088888561734,-0.564054376358887,0.378076822688914,-0.573305599952689,-0.469758281146158,0.78484132336789,-1.25330039458044,1.29117907158052,0.0534747148912391,-3.07382013862971,-0.741101525498143,-0.0900438137207513,0.532658635601718,0.858019317930967,0.178584353833095,0.708470774114739,0.918397369840972,1.25890553115767,-1.03195478834108,1.5713130950464,1.30709545384794,0.581294818408211,1.84217149385877
"Homoarginine",-0.70284747022837,-0.709408232268181,-0.40990312775207,-0.166271534662315,-0.452413814177685,-0.166271534662315,-0.490300122045057,-0.393564858350687,0.0539786679736394,0.108023954253018,-0.349019295217528,-0.150628151993612,-0.657644930892649,-0.0161918046528896,3.4515674071607,3.28143194759175,-0.478841750266929,0.73953740351688,-0.27009823366835,-1.78227711674352,0.0122388426285728,-0.314236684852152,0.211032576918189,0.108023954253018,-1.28373041386118,0.38825153530266,0.1603394912655,-0.150628151993612,-0.589045172789095,0.527689282610213,0.486038086450774,0.0946792188072363,-0.0895099676539224
